[
    {
      "id": 1,
      "content": "юмор",
      "timesUsed": 1000
    },
    {
      "id": 2,
      "content": "ирония",
      "timesUsed": 1000
    },
    {
      "id": 3,
      "content": "удивление",
      "timesUsed": 1000
    },
    {
      "id": 4,
      "content": "радость",
      "timesUsed": 1000
    },
    {
      "id": 5,
      "content": "раздражение",
      "timesUsed": 1000
    },
    {
      "id": 6,
      "content": "безразличие",
      "timesUsed": 1000
    },
    {
      "id": 7,
      "content": "вопрос",
      "timesUsed": 1000
    },
    {
      "id": 8,
      "content": "спокойствие",
      "timesUsed": 1000
    },
    {
      "id": 9,
      "content": "решимость",
      "timesUsed": 1000
    },
    {
      "id": 10,
      "content": "погода",
      "timesUsed": 1000
    }
  ]
  