[
  {
    "id": 1,
    "date": "2024-06-05T00:00:00Z",
    "content": "Где моя белочка?",
    "tags": [
      { "id": 1, "name": "забавное" },
      { "id": 2, "name": "юмор" }
    ],
    "meanings": [
      {
        "meaning": "Фраза, используемая для выражения состояния растерянности.",
        "example": "После долгого рабочего дня, он пришёл домой и спросил: 'Где моя белочка?'"
      }
    ]
  },
  {
    "id": 2,
    "date": "2024-06-05T00:00:00Z",
    "phrase": "Всё, ухожу в монастырь!",
    "tags": [
      { "id": 1, "name": "забавное" },
      { "id": 9, "name": "решимость" }
    ],
    "meanings": [
      {
        "meaning": "Фраза, означающая крайнее недовольство и желание уединиться.",
        "example": "После ещё одной ошибки на работе, она заявила: 'Всё, ухожу в монастырь!'"
      }
    ]
  },
  {
    "id": 3,
    "date": "2024-06-05T00:00:00Z",
    "phrase": "Пойду на картошку!",
    "tags": [
      { "id": 1, "name": "забавное" },
      { "id": 2, "name": "юмор" }
    ],
    "meanings": [
      {
        "meaning": "Фраза, означающая желание сменить деятельность на что-то более приземленное.",
        "example": "После сложного совещания он сказал: 'Пойду на картошку!'"
      }
    ]
  },
  {
    "id": 4,
    "date": "2024-06-05T00:00:00Z",
    "phrase": "Это просто космос!",
    "tags": [
      { "id": 1, "name": "забавное" },
      { "id": 4, "name": "радость" }
    ],
    "meanings": [
      {
        "meaning": "Фраза, выражающая восхищение или удивление.",
        "example": "Когда он увидел новый парк аттракционов, он воскликнул: 'Это просто космос!'"
      }
    ]
  },
  {
    "id": 5,
    "date": "2024-06-05T00:00:00Z",
    "phrase": "Летающая тарелка пришла!",
    "tags": [
      { "id": 1, "name": "забавное" },
      { "id": 6, "name": "удивление" }
    ],
    "meanings": [
      {
        "meaning": "Фраза, используемая для описания чего-то необычного и удивительного.",
        "example": "Когда на улице начался сильный снегопад, он сказал: 'Летающая тарелка пришла!'"
      }
    ]
  },
  {
    "id": 6,
    "date": "2024-06-05T00:00:00Z",
    "phrase": "Как из ведра!",
    "tags": [
      { "id": 1, "name": "забавное" },
      { "id": 10, "name": "погода" }
    ],
    "meanings": [
      {
        "meaning": "Фраза, описывающая сильный дождь.",
        "example": "Вдруг начался ливень, и он сказал: 'Льёт как из ведра!'"
      }
    ]
  },
  {
    "id": 7,
    "date": "2024-06-05T00:00:00Z",
    "phrase": "Ты вообще в курсе?",
    "tags": [
      { "id": 1, "name": "забавное" },
      { "id": 7, "name": "вопрос" }
    ],
    "meanings": [
      {
        "meaning": "Фраза, используемая для проверки осведомленности собеседника.",
        "example": "Когда он увидел, что его друг пропустил важную новость, он спросил: 'Ты вообще в курсе?'"
      }
    ]
  },
  {
    "id": 8,
    "date": "2024-06-05T00:00:00Z",
    "phrase": "Что ты такое говоришь?",
    "tags": [
      { "id": 1, "name": "забавное" },
      { "id": 6, "name": "удивление" }
    ],
    "meanings": [
      {
        "meaning": "Фраза, выражающая сильное удивление или несогласие.",
        "example": "Когда он услышал странное предложение, он воскликнул: 'Что ты такое говоришь?'"
      }
    ]
  },
  {
    "id": 9,
    "date": "2024-06-05T00:00:00Z",
    "phrase": "В баню все!",
    "tags": [
      { "id": 1, "name": "забавное" },
      { "id": 5, "name": "раздражение" }
    ],
    "meanings": [
      {
        "meaning": "Фраза, выражающая раздражение и желание отстраниться от всех.",
        "example": "После очередного скандала на работе он сказал: 'В баню все!'"
      }
    ]
  },
  {
    "id": 10,
    "date": "2024-06-05T00:00:00Z",
    "phrase": "Да я тебя умоляю!",
    "tags": [
      { "id": 1, "name": "забавное" },
      { "id": 2, "name": "юмор" }
    ],
    "meanings": [
      {
        "meaning": "Фраза, выражающая ироничное несогласие или недоверие.",
        "example": "Когда он услышал заведомо ложное обещание, он ответил: 'Да я тебя умоляю!'"
      }
    ]
  },
  {
    "id": 11,
    "date": "2024-06-05T00:00:00Z",
    "phrase": "Вот это поворот!",
    "tags": [
      { "id": 1, "name": "забавное" },
      { "id": 6, "name": "удивление" }
    ],
    "meanings": [
      {
        "meaning": "Фраза, используемая для описания неожиданного поворота событий.",
        "example": "Когда он узнал, что его сосед выиграл в лотерею, он сказал: 'Вот это поворот!'"
      }
    ]
  },
  {
    "id": 12,
    "date": "2024-06-05T00:00:00Z",
    "phrase": "Всё, я в домике!",
    "tags": [
      { "id": 1, "name": "забавное" },
      { "id": 8, "name": "спокойствие" }
    ],
    "meanings": [
      {
        "meaning": "Фраза, означающая уход в безопасное место или завершение активности.",
        "example": "После долгого дня на работе, он сказал: 'Всё, я в домике!' и ушел спать."
      }
    ]
  },
  {
    "id": 13,
    "date": "2024-06-05T00:00:00Z",
    "phrase": "Не буду я это есть!",
    "tags": [
      { "id": 1, "name": "забавное" },
      { "id": 9, "name": "решимость" }
    ],
    "meanings": [
      {
        "meaning": "Фраза, выражающая отказ от еды, которая не нравится.",
        "example": "Увидев блюдо с брюссельской капустой, он сказал: 'Не буду я это есть!'"
      }
    ]
  },
  {
    "id": 14,
    "date": "2024-06-05T00:00:00Z",
    "phrase": "Как с гуся вода!",
    "tags": [
      { "id": 1, "name": "забавное" },
      { "id": 6, "name": "удивление" }
    ],
    "meanings": [
      {
        "meaning": "Фраза, описывающая безразличное отношение к чему-либо.",
        "example": "Он выслушал критику и ответил: 'Как с гуся вода!'"
      }
    ]
  },
  {
    "id": 15,
    "date": "2024-06-05T00:00:00Z",
    "phrase": "Попал как кур во щи!",
    "tags": [
      { "id": 1, "name": "забавное" },
      { "id": 5, "name": "раздражение" }
    ],
    "meanings": [
      {
        "meaning": "Фраза, описывающая попадание в сложную ситуацию.",
        "example": "Когда он потерял ключи от дома, он сказал: 'Попал как кур во щи!'"
      }
    ]
  },
  {
    "id": 16,
    "date": "2024-06-05T00:00:00Z",
    "phrase": "Счастливый как слон!",
    "tags": [
      { "id": 1, "name": "забавное" },
      { "id": 4, "name": "радость" }
    ],
    "meanings": [
      {
        "meaning": "Фраза, описывающая состояние большого счастья.",
        "example": "После получения повышения он был счастлив как слон!"
      }
    ]
  },
  {
    "id": 17,
    "date": "2024-06-05T00:00:00Z",
    "phrase": "Шутка за 300!",
    "tags": [
      { "id": 1, "name": "забавное" },
      { "id": 2, "name": "юмор" }
    ],
    "meanings": [
      {
        "meaning": "Фраза, описывающая плохую или неуместную шутку.",
        "example": "После неудачной шутки коллеги он сказал: 'Шутка за 300!'"
      }
    ]
  },
  {
    "id": 18,
    "date": "2024-06-05T00:00:00Z",
    "phrase": "Как у кота на чердаке!",
    "tags": [
      { "id": 1, "name": "забавное" },
      { "id": 9, "name": "решимость" }
    ],
    "meanings": [
      {
        "meaning": "Фраза, описывающая беспорядок.",
        "example": "В его комнате был такой беспорядок, что мама сказала: 'Как у кота на чердаке!'"
      }
    ]
  },
  {
    "id": 19, 
    "date": "2024-06-05T00:00:00Z",
    "phrase": "Пошёл ловить удачу за хвост!",
    "tags": [
      { "id": 1, "name": "забавное" },
      { "id": 9, "name": "решимость" }
    ],
    "meanings": [
      {
        "meaning": "Фраза, означающая желание попытать счастья в каком-либо деле.",
        "example": "Собираясь на собеседование, он сказал: 'Пошёл ловить удачу за хвост!'"
      }
    ]
  },
  {
    "id": 20,
    "date": "2024-06-05T00:00:00Z",
    "phrase": "Ты что, с луны свалился?",
    "tags": [
      { "id": 1, "name": "забавное" },
      { "id": 6, "name": "удивление" }
    ],
    "meanings": [
      {
        "meaning": "Фраза, выражающая удивление по поводу неосведомленности или странного поведения собеседника.",
        "example": "Когда он не знал про последний тренд, ему сказали: 'Ты что, с луны свалился?'"
      }
    ]
  }
]
